session_id,user_id,avgVelocity,maxVelocity,totalDistance,avgTyping,typingStd,pauseCount,scrollDistance,scrollChanges,clickCount,accuracy
e031565b-1b50-4fc7-91d7-f3f7633d00b8,,1.311264464470665,3.93047284433379,4206.68159132722,862.6,1432.2027696291238,9,0,0,4,1
07a0cfbb-5508-4b97-bb73-7bd23ae7340f,user_1,0.7583626243056633,3.5393013525655332,1102.507356453577,525.5925925925926,678.4469879811435,16,1196.00004196167,0,2,1
fe19ad99-1870-4903-802f-a569436aaba9,user_2,0.7156788238692874,3.2066736347996154,754.2102691952641,382.10526315789474,658.9399164423651,11,1035.3333740234375,0,2,1
7d02e9fb-7c64-4580-ba6c-233a95e5de57,user_3,0.3935912599955826,1.9580247413949963,1020.942177048511,443.6551724137931,673.0421043273473,13,350.6666667461395,0,2,0
12d4e5d7-02b5-4176-8fff-99d9a8ce63fa,user_4,0.29434028053347006,2.246273957439621,973.2190445590865,615.1372549019608,888.0860676274755,18,734.6666463017464,0,4,0
734e000f-f633-4c48-a64f-742ad00667c4,user_5,0.48584916016468965,2.679370811016103,1499.2053079812972,472.2916666666667,698.7832567617479,13,1143.3333727121353,1,2,1
07b17d28-3193-40a3-80a4-1d333e2a7f8f,user_6,0.8768427171759404,2.5223537481887606,1304.7710072706682,486.1111111111111,683.2220957337122,13,0,0,2,0